{
 "aalborg-denmark": {
  "Lat": 57.0462626,
  "Lon": 9.9215263
 },
 "aarhus-denmark": {
  "Lat": 56.1496278,
  "Lon": 10.2134046
 },
 "aberdeen-uk": {
  "Lat": 57.1482429,
  "Lon": -2.0928095
 },
 "abu_dhabi-united_arab_emirates": {
  "Lat": 24.4538352,
  "Lon": 54.3774014
 },
 "alabama-usa": {
  "Lat": 33.2588817,
  "Lon": -86.8295337
 },
 "amityville-usa": {
  "Lat": 40.6789893,
  "Lon": -73.4170673
 },
 "amsterdam-netherlands": {
  "Lat": 52.3730796,
  "Lon": 4.8924534
 },
 "anaheim-usa": {
  "Lat": 33.8347516,
  "Lon": -117.911732
 },
 "antwerp-belgium": {
  "Lat": 51.2211097,
  "Lon": 4.3997081
 },
 "arizona-usa": {
  "Lat": 34.395342,
  "Lon": -111.763275
 },
 "arras-france": {
  "Lat": 50.291048,
  "Lon": 2.7772211
 },
 "athens-greece": {
  "Lat": 37.9755648,
  "Lon": 23.7348324
 },
 "atlanta-usa": {
  "Lat": 33.7544657,
  "Lon": -84.3898151
 },
 "auckland-new_zealand": {
  "Lat": -36.852095,
  "Lon": 174.7631803
 },
 "bangkok-thailand": {
  "Lat": 13.7524938,
  "Lon": 100.4935089
 },
 "barcelona-spain": {
  "Lat": 41.3825802,
  "Lon": 2.177073
 },
 "belo_horizonte-brazil": {
  "Lat": -19.9227318,
  "Lon": -43.9450948
 },
 "berlin-germany": {
  "Lat": 52.5173885,
  "Lon": 13.3951309
 },
 "berwyn-usa": {
  "Lat": 41.8505874,
  "Lon": -87.7936685
 },
 "bilbao-spain": {
  "Lat": 43.2630018,
  "Lon": -2.9350039
 },
 "birmingham-uk": {
  "Lat": 52.4948994,
  "Lon": -1.8518439
 },
 "bogota-colombia": {
  "Lat": 4.6533817,
  "Lon": -74.0836331
 },
 "boston-usa": {
  "Lat": 42.3588336,
  "Lon": -71.0578303
 },
 "boulogne_billancourt-france": {
  "Lat": 48.8356649,
  "Lon": 2.240206
 },
 "brasilia-brazil": {
  "Lat": -15.7939869,
  "Lon": -47.8828
 },
 "bratislava-slovakia": {
  "Lat": 48.1516988,
  "Lon": 17.1093063
 },
 "brisbane-australia": {
  "Lat": -27.4689623,
  "Lon": 153.0235009
 },
 "brixton-uk": {
  "Lat": 51.4633914,
  "Lon": -0.1148023
 },
 "brooklyn-usa": {
  "Lat": 40.6526006,
  "Lon": -73.9497211
 },
 "budapest-hungary": {
  "Lat": 47.4978789,
  "Lon": 19.0402383
 },
 "buenos_aires-argentina": {
  "Lat": 45.4838459,
  "Lon": 9.2147675
 },
 "burriana-spain": {
  "Lat": 39.8876912,
  "Lon": -0.0846321
 },
 "burswood-australia": {
  "Lat": -31.9602196,
  "Lon": 115.8962701
 },
 "california-usa": {
  "Lat": 36.7014631,
  "Lon": -118.755997
 },
 "canton-usa": {
  "Lat": 40.7985464,
  "Lon": -81.3749508
 },
 "cardiff-uk": {
  "Lat": 51.4816546,
  "Lon": -3.1791934
 },
 "changzhou-china": {
  "Lat": 31.8122623,
  "Lon": 119.9691539
 },
 "charlotte-usa": {
  "Lat": 35.2272086,
  "Lon": -80.8430827
 },
 "chicago-usa": {
  "Lat": 41.8755616,
  "Lon": -87.6244212
 },
 "cincinnati-usa": {
  "Lat": 39.1012809,
  "Lon": -84.5127405
 },
 "cleveland-usa": {
  "Lat": 41.4996574,
  "Lon": -81.6936772
 },
 "colorado-usa": {
  "Lat": 38.7251776,
  "Lon": -105.607716
 },
 "columbia-usa": {
  "Lat": 34.000754,
  "Lon": -81.0352313
 },
 "copenhagen-denmark": {
  "Lat": 55.6867243,
  "Lon": 12.5700724
 },
 "cuxhaven-germany": {
  "Lat": 53.86878,
  "Lon": 8.698286
 },
 "dallas-usa": {
  "Lat": 32.7762719,
  "Lon": -96.7968559
 },
 "del_mar-usa": {
  "Lat": 32.9594891,
  "Lon": -117.2653146
 },
 "detroit-usa": {
  "Lat": 42.3315509,
  "Lon": -83.0466403
 },
 "doha-qatar": {
  "Lat": 25.3108807,
  "Lon": 51.5081812
 },
 "dubai-united_arab_emirates": {
  "Lat": 25.0742823,
  "Lon": 55.1885387
 },
 "dublin-ireland": {
  "Lat": 53.3493795,
  "Lon": -6.2605593
 },
 "dunedin-new_zealand": {
  "Lat": -45.8740984,
  "Lon": 170.5035755
 },
 "dusseldorf-germany": {
  "Lat": 51.2254018,
  "Lon": 6.7763137
 },
 "eindhoven-netherlands": {
  "Lat": 51.4392648,
  "Lon": 5.478633
 },
 "florence-italy": {
  "Lat": 43.7697955,
  "Lon": 11.2556404
 },
 "florida-usa": {
  "Lat": 27.7567667,
  "Lon": -81.4639835
 },
 "frankfurt-germany": {
  "Lat": 50.1106444,
  "Lon": 8.6820917
 },
 "frauenfeld-switzerland": {
  "Lat": 47.5561915,
  "Lon": 8.8963347
 },
 "freyming_merlebach-france": {
  "Lat": 49.1469437,
  "Lon": 6.8184829
 },
 "gdynia-poland": {
  "Lat": 54.5164982,
  "Lon": 18.5402738
 },
 "georgia-usa": {
  "Lat": 32.3293809,
  "Lon": -83.1137366
 },
 "glasgow-uk": {
  "Lat": 55.861155,
  "Lon": -4.2501687
 },
 "gothenburg-sweden": {
  "Lat": 57.7072326,
  "Lon": 11.9670171
 },
 "grand_rapids-usa": {
  "Lat": 42.9632425,
  "Lon": -85.6678639
 },
 "groningen-netherlands": {
  "Lat": 53.2190652,
  "Lon": 6.5680077
 },
 "hamburg-germany": {
  "Lat": 53.5501721,
  "Lon": 10.0013165
 },
 "hershey-usa": {
  "Lat": 40.2854881,
  "Lon": -76.6506001
 },
 "hong_kong-china": {
  "Lat": 22.3492155,
  "Lon": 114.1857978
 },
 "houston-usa": {
  "Lat": 29.7589382,
  "Lon": -95.3676974
 },
 "huizhou-china": {
  "Lat": 23.1125153,
  "Lon": 114.4127007
 },
 "illinois-usa": {
  "Lat": 40.0796606,
  "Lon": -89.4337288
 },
 "imola-italy": {
  "Lat": 44.3535145,
  "Lon": 11.7141233
 },
 "indianapolis-usa": {
  "Lat": 39.7683331,
  "Lon": -86.1583502
 },
 "inglewood-usa": {
  "Lat": 33.9562003,
  "Lon": -118.353132
 },
 "jakarta-indonesia": {
  "Lat": -6.1754049,
  "Lon": 106.827168
 },
 "kansas_city-usa": {
  "Lat": 39.100105,
  "Lon": -94.5781416
 },
 "klagenfurt-austria": {
  "Lat": 46.623943,
  "Lon": 14.3075976
 },
 "krakow-poland": {
  "Lat": 50.0619474,
  "Lon": 19.9368564
 },
 "la_plata-argentina": {
  "Lat": -34.9206797,
  "Lon": -57.9537638
 },
 "landgraaf-netherlands": {
  "Lat": 50.9080845,
  "Lon": 6.0264604
 },
 "las_vegas-usa": {
  "Lat": 36.1674263,
  "Lon": -115.1484131
 },
 "lausanne-switzerland": {
  "Lat": 46.5218269,
  "Lon": 6.6327025
 },
 "leipzig-germany": {
  "Lat": 51.3406321,
  "Lon": 12.3747329
 },
 "lima-peru": {
  "Lat": -23.5332023,
  "Lon": -46.6642327
 },
 "lisbon-portugal": {
  "Lat": 38.7077507,
  "Lon": -9.1365919
 },
 "london-uk": {
  "Lat": 51.5074456,
  "Lon": -0.1277653
 },
 "los_angeles-usa": {
  "Lat": 52.5362296,
  "Lon": 13.5688341
 },
 "lyon-france": {
  "Lat": 45.7578137,
  "Lon": 4.8320114
 },
 "madison-usa": {
  "Lat": 43.07469,
  "Lon": -89.3841663
 },
 "madrid-spain": {
  "Lat": 40.416782,
  "Lon": -3.703507
 },
 "maine-usa": {
  "Lat": 45.709097,
  "Lon": -68.8590201
 },
 "manchester-uk": {
  "Lat": 53.4424618,
  "Lon": -2.2324547
 },
 "manila-philippines": {
  "Lat": 14.5904492,
  "Lon": 120.9803621
 },
 "mannheim-germany": {
  "Lat": 49.4892913,
  "Lon": 8.4673098
 },
 "massachusetts-usa": {
  "Lat": 42.3788774,
  "Lon": -72.032366
 },
 "melbourne-australia": {
  "Lat": -37.8142454,
  "Lon": 144.9631732
 },
 "merkers-germany": {
  "Lat": 50.8241612,
  "Lon": 10.1176283
 },
 "mexico_city-mexico": {
  "Lat": 19.4326296,
  "Lon": -99.1331785
 },
 "michigan-usa": {
  "Lat": 43.6211955,
  "Lon": -84.6824346
 },
 "milan-italy": {
  "Lat": 45.4641943,
  "Lon": 9.1896346
 },
 "minneapolis-usa": {
  "Lat": 44.9772995,
  "Lon": -93.2654692
 },
 "minnesota-usa": {
  "Lat": 45.9896587,
  "Lon": -94.6113288
 },
 "minsk-belarus": {
  "Lat": 53.9024716,
  "Lon": 27.5618225
 },
 "missouri-usa": {
  "Lat": 38.7604815,
  "Lon": -92.5617875
 },
 "monchengladbach-germany": {
  "Lat": 51.1947131,
  "Lon": 6.4353792
 },
 "monterrey-mexico": {
  "Lat": -33.525743,
  "Lon": -70.5808301
 },
 "montreal-canada": {
  "Lat": 45.5031824,
  "Lon": -73.5698065
 },
 "montreal-usa": {
  "Lat": 37.9689254,
  "Lon": -92.5921247
 },
 "mumbai-india": {
  "Lat": 19.054999,
  "Lon": 72.8692035
 },
 "munich-germany": {
  "Lat": 48.1371079,
  "Lon": 11.5753822
 },
 "nagoya-japan": {
  "Lat": 36.1251825,
  "Lon": -79.9046807
 },
 "napoca-romania": {
  "Lat": 46.769379,
  "Lon": 23.5899542
 },
 "nevada-usa": {
  "Lat": 39.5158825,
  "Lon": -116.853722
 },
 "new_hampshire-usa": {
  "Lat": 43.4849133,
  "Lon": -71.6553992
 },
 "new_orleans-usa": {
  "Lat": 29.9561422,
  "Lon": -90.0733934
 },
 "new_south_wales-australia": {
  "Lat": -32.1629515,
  "Lon": 147.0320566
 },
 "new_york-usa": {
  "Lat": 40.7127281,
  "Lon": -74.0060152
 },
 "newark-usa": {
  "Lat": 40.735657,
  "Lon": -74.1723667
 },
 "nickelsdorf-austria": {
  "Lat": 47.9403019,
  "Lon": 17.0661763
 },